Sno,Date,Time,State/UnionTerritory,ConfirmedIndianNational,ConfirmedForeignNational,Cured,Deaths,Confirmed
1,2020-01-30,6:00 PM,Kerala,1,0,0,0,1
2,2020-01-31,6:00 PM,Kerala,1,0,0,0,1
3,2020-02-01,6:00 PM,Kerala,2,0,0,0,2
4,2020-02-02,6:00 PM,Kerala,3,0,0,0,3
5,2020-02-03,6:00 PM,Kerala,3,0,0,0,3
6,2020-02-04,6:00 PM,Kerala,3,0,0,0,3
7,2020-02-05,6:00 PM,Kerala,3,0,0,0,3
8,2020-02-06,6:00 PM,Kerala,3,0,0,0,3
9,2020-02-07,6:00 PM,Kerala,3,0,0,0,3
10,2020-02-08,6:00 PM,Kerala,3,0,0,0,3
11,2020-02-09,6:00 PM,Kerala,3,0,0,0,3
12,2020-02-10,6:00 PM,Kerala,3,0,0,0,3
13,2020-02-11,6:00 PM,Kerala,3,0,0,0,3
14,2020-02-12,6:00 PM,Kerala,3,0,0,0,3
15,2020-02-13,6:00 PM,Kerala,3,0,0,0,3
16,2020-02-14,6:00 PM,Kerala,3,0,0,0,3
17,2020-02-15,6:00 PM,Kerala,3,0,0,0,3
18,2020-02-16,6:00 PM,Kerala,3,0,0,0,3
19,2020-02-17,6:00 PM,Kerala,3,0,0,0,3
20,2020-02-18,6:00 PM,Kerala,3,0,0,0,3
21,2020-02-19,6:00 PM,Kerala,3,0,0,0,3
22,2020-02-20,6:00 PM,Kerala,3,0,0,0,3
23,2020-02-21,6:00 PM,Kerala,3,0,0,0,3
24,2020-02-22,6:00 PM,Kerala,3,0,0,0,3
25,2020-02-23,6:00 PM,Kerala,3,0,0,0,3
26,2020-02-24,6:00 PM,Kerala,3,0,0,0,3
27,2020-02-25,6:00 PM,Kerala,3,0,0,0,3
28,2020-02-26,6:00 PM,Kerala,3,0,0,0,3
29,2020-02-27,6:00 PM,Kerala,3,0,0,0,3
30,2020-02-28,6:00 PM,Kerala,3,0,0,0,3
31,2020-02-29,6:00 PM,Kerala,3,0,0,0,3
32,2020-03-01,6:00 PM,Kerala,3,0,0,0,3
33,2020-03-02,6:00 PM,Telengana,1,0,0,0,1
34,2020-03-02,6:00 PM,Kerala,3,0,0,0,3
35,2020-03-02,6:00 PM,Delhi,1,0,0,0,1
36,2020-03-03,6:00 PM,Telengana,1,0,0,0,1
37,2020-03-03,6:00 PM,Rajasthan,0,1,0,0,1
38,2020-03-03,6:00 PM,Kerala,3,0,3,0,3
39,2020-03-03,6:00 PM,Delhi,1,0,0,0,1
40,2020-03-04,6:00 PM,Uttar Pradesh,6,0,0,0,6
41,2020-03-04,6:00 PM,Kerala,3,0,3,0,3
42,2020-03-04,6:00 PM,Haryana,0,2,0,0,2
43,2020-03-04,6:00 PM,Delhi,1,0,0,0,1
44,2020-03-04,6:00 PM,Telengana,1,0,0,0,1
45,2020-03-04,6:00 PM,Rajasthan,1,14,0,0,15
46,2020-03-05,6:00 PM,Delhi,2,0,0,0,2
47,2020-03-05,6:00 PM,Haryana,0,2,0,0,2
48,2020-03-05,6:00 PM,Kerala,3,0,3,0,3
49,2020-03-05,6:00 PM,Rajasthan,1,14,0,0,15
50,2020-03-05,6:00 PM,Telengana,1,0,0,0,1
51,2020-03-05,6:00 PM,Uttar Pradesh,7,0,0,0,7
52,2020-03-06,6:00 PM,Delhi,3,0,0,0,3
53,2020-03-06,6:00 PM,Haryana,0,2,0,0,2
54,2020-03-06,6:00 PM,Kerala,3,0,3,0,3
55,2020-03-06,6:00 PM,Rajasthan,1,14,0,0,15
56,2020-03-06,6:00 PM,Uttar Pradesh,7,0,0,0,7
57,2020-03-06,6:00 PM,Telengana,1,0,0,0,1
58,2020-03-07,6:00 PM,Kerala,3,0,3,0,3
59,2020-03-07,6:00 PM,Uttar Pradesh,7,0,0,0,7
60,2020-03-07,6:00 PM,Ladakh,2,0,0,0,2
61,2020-03-07,6:00 PM,Telengana,1,0,0,0,1
62,2020-03-07,6:00 PM,Tamil Nadu,1,0,0,0,1
63,2020-03-07,6:00 PM,Delhi,3,0,0,0,3
64,2020-03-07,6:00 PM,Haryana,0,2,0,0,2
65,2020-03-07,6:00 PM,Rajasthan,1,14,0,0,15
66,2020-03-08,6:00 PM,Ladakh,2,0,0,0,2
67,2020-03-08,6:00 PM,Telengana,1,0,0,0,1
68,2020-03-08,6:00 PM,Tamil Nadu,1,0,0,0,1
69,2020-03-08,6:00 PM,Rajasthan,1,14,0,0,15
70,2020-03-08,6:00 PM,Kerala,8,0,3,0,8
71,2020-03-08,6:00 PM,Haryana,0,2,0,0,2
72,2020-03-08,6:00 PM,Delhi,3,0,0,0,3
73,2020-03-08,6:00 PM,Uttar Pradesh,7,0,0,0,7
74,2020-03-09,6:00 PM,Ladakh,2,0,0,0,2
75,2020-03-09,6:00 PM,Karnataka,1,0,0,0,1
76,2020-03-09,6:00 PM,Kerala,9,0,3,0,9
77,2020-03-09,6:00 PM,Maharashtra,2,0,0,0,2
78,2020-03-09,6:00 PM,Punjab,1,0,0,0,1
79,2020-03-09,6:00 PM,Rajasthan,1,14,0,0,15
80,2020-03-09,6:00 PM,Tamil Nadu,1,0,0,0,1
81,2020-03-09,6:00 PM,Telengana,1,0,0,0,1
82,2020-03-09,6:00 PM,Jammu and Kashmir,1,0,0,0,1
83,2020-03-09,6:00 PM,Uttar Pradesh,7,0,0,0,7
84,2020-03-09,6:00 PM,Haryana,0,2,0,0,2
85,2020-03-09,6:00 PM,Delhi,4,0,0,0,4
86,2020-03-10,6:00 PM,Uttar Pradesh,7,0,0,0,7
87,2020-03-10,6:00 PM,Ladakh,2,0,0,0,2
88,2020-03-10,6:00 PM,Delhi,4,0,0,0,4
89,2020-03-10,6:00 PM,Haryana,0,2,0,0,2
90,2020-03-10,6:00 PM,Karnataka,4,0,0,0,4
91,2020-03-10,6:00 PM,Kerala,15,0,3,0,15
92,2020-03-10,6:00 PM,Maharashtra,5,0,0,0,5
93,2020-03-10,6:00 PM,Punjab,1,0,0,0,1
94,2020-03-10,6:00 PM,Rajasthan,1,14,0,0,15
95,2020-03-10,6:00 PM,Tamil Nadu,1,0,0,0,1
96,2020-03-10,6:00 PM,Telengana,1,0,0,0,1
97,2020-03-10,6:00 PM,Jammu and Kashmir,1,0,0,0,1
98,2020-03-11,6:00 PM,Maharashtra,2,0,0,0,2
99,2020-03-11,6:00 PM,Delhi,5,0,0,0,5
100,2020-03-11,6:00 PM,Haryana,0,14,0,0,14
101,2020-03-11,6:00 PM,Kerala,17,0,3,0,17
102,2020-03-11,6:00 PM,Rajasthan,1,2,0,0,3
103,2020-03-11,6:00 PM,Telengana,1,0,0,0,1
104,2020-03-11,6:00 PM,Uttar Pradesh,9,0,0,0,9
105,2020-03-11,6:00 PM,Ladakh,2,0,0,0,2
106,2020-03-11,6:00 PM,Tamil Nadu,1,0,0,0,1
107,2020-03-11,6:00 PM,Jammu and Kashmir,1,0,0,0,1
108,2020-03-11,6:00 PM,Punjab,1,0,0,0,1
109,2020-03-11,6:00 PM,Karnataka,4,0,0,0,4
110,2020-03-12,6:00 PM,Delhi,6,0,0,0,6
111,2020-03-12,6:00 PM,Haryana,0,14,0,0,14
112,2020-03-12,6:00 PM,Kerala,17,0,3,0,17
113,2020-03-12,6:00 PM,Rajasthan,1,2,0,0,3
114,2020-03-12,6:00 PM,Telengana,1,0,0,0,1
115,2020-03-12,6:00 PM,Uttar Pradesh,10,1,0,0,11
116,2020-03-12,6:00 PM,Ladakh,3,0,0,0,3
117,2020-03-12,6:00 PM,Tamil Nadu,1,0,0,0,1
118,2020-03-12,6:00 PM,Jammu and Kashmir,1,0,0,0,1
119,2020-03-12,6:00 PM,Punjab,1,0,0,0,1
120,2020-03-12,6:00 PM,Karnataka,4,0,0,0,4
121,2020-03-12,6:00 PM,Maharashtra,11,0,0,0,11
122,2020-03-12,6:00 PM,Andhra Pradesh,1,0,0,0,1
123,2020-03-13,6:00 PM,Delhi,6,0,0,0,6
124,2020-03-13,6:00 PM,Haryana,0,14,0,0,14
125,2020-03-13,6:00 PM,Kerala,19,0,3,0,19
126,2020-03-13,6:00 PM,Rajasthan,1,2,0,0,3
127,2020-03-13,6:00 PM,Telengana,1,0,0,0,1
128,2020-03-13,6:00 PM,Uttar Pradesh,10,1,0,0,11
129,2020-03-13,6:00 PM,Ladakh,3,0,0,0,3
130,2020-03-13,6:00 PM,Tamil Nadu,1,0,0,0,1
131,2020-03-13,6:00 PM,Jammu and Kashmir,1,0,0,0,1
132,2020-03-13,6:00 PM,Punjab,1,0,0,0,1
133,2020-03-13,6:00 PM,Karnataka,6,0,0,1,6
134,2020-03-13,6:00 PM,Maharashtra,14,0,0,0,14
135,2020-03-13,6:00 PM,Andhra Pradesh,1,0,0,0,1
136,2020-03-14,6:00 PM,Delhi,7,0,1,1,7
137,2020-03-14,6:00 PM,Haryana,0,14,0,0,14
138,2020-03-14,6:00 PM,Kerala,19,0,3,0,19
139,2020-03-14,6:00 PM,Rajasthan,1,2,1,0,3
140,2020-03-14,6:00 PM,Telengana,1,0,0,0,1
141,2020-03-14,6:00 PM,Uttar Pradesh,11,1,5,0,12
142,2020-03-14,6:00 PM,Ladakh,3,0,0,0,3
143,2020-03-14,6:00 PM,Tamil Nadu,1,0,0,0,1
144,2020-03-14,6:00 PM,Jammu and Kashmir,2,0,0,0,2
145,2020-03-14,6:00 PM,Punjab,1,0,0,0,1
146,2020-03-14,6:00 PM,Karnataka,6,0,0,1,6
147,2020-03-14,6:00 PM,Maharashtra,14,0,0,0,14
148,2020-03-14,6:00 PM,Andhra Pradesh,1,0,0,0,1
149,2020-03-15,6:00 PM,Andhra Pradesh,1,0,0,0,1
150,2020-03-15,6:00 PM,Delhi,7,0,2,1,7
151,2020-03-15,6:00 PM,Haryana,0,14,0,0,14
152,2020-03-15,6:00 PM,Karnataka,6,0,0,1,6
153,2020-03-15,6:00 PM,Kerala,22,0,3,0,22
154,2020-03-15,6:00 PM,Maharashtra,32,0,0,0,32
155,2020-03-15,6:00 PM,Punjab,1,0,0,0,1
156,2020-03-15,6:00 PM,Rajasthan,2,2,3,0,4
157,2020-03-15,6:00 PM,Tamil Nadu,1,0,0,0,1
158,2020-03-15,6:00 PM,Telengana,3,0,1,0,3
159,2020-03-15,6:00 PM,Jammu and Kashmir,2,0,0,0,2
160,2020-03-15,6:00 PM,Ladakh,3,0,0,0,3
161,2020-03-15,6:00 PM,Uttar Pradesh,12,1,4,0,13
162,2020-03-15,6:00 PM,Uttarakhand,1,0,0,0,1
163,2020-03-16,6:00 PM,Andhra Pradesh,1,0,0,0,1
164,2020-03-16,6:00 PM,Delhi,7,0,2,1,7
165,2020-03-16,6:00 PM,Haryana,0,14,0,0,14
166,2020-03-16,6:00 PM,Karnataka,6,0,0,1,6
167,2020-03-16,6:00 PM,Kerala,23,0,3,0,23
168,2020-03-16,6:00 PM,Maharashtra,32,0,0,0,32
169,2020-03-16,6:00 PM,Odisha,1,0,0,0,1
170,2020-03-16,6:00 PM,Punjab,1,0,0,0,1
171,2020-03-16,6:00 PM,Rajasthan,2,2,3,0,4
172,2020-03-16,6:00 PM,Tamil Nadu,1,0,0,0,1
173,2020-03-16,6:00 PM,Telengana,3,0,1,0,3
174,2020-03-16,6:00 PM,Jammu and Kashmir,3,0,0,0,3
175,2020-03-16,6:00 PM,Ladakh,4,0,0,0,4
176,2020-03-16,6:00 PM,Uttar Pradesh,12,1,4,0,13
177,2020-03-16,6:00 PM,Uttarakhand,1,0,0,0,1
178,2020-03-17,6:00 PM,Andhra Pradesh,1,0,0,0,1
179,2020-03-17,6:00 PM,Delhi,8,0,2,1,8
180,2020-03-17,6:00 PM,Haryana,1,14,0,0,15
181,2020-03-17,6:00 PM,Karnataka,11,0,0,1,11
182,2020-03-17,6:00 PM,Kerala,24,2,3,0,26
183,2020-03-17,6:00 PM,Maharashtra,36,3,0,1,39
184,2020-03-17,6:00 PM,Odisha,1,0,0,0,1
185,2020-03-17,6:00 PM,Punjab,1,0,0,0,1
186,2020-03-17,6:00 PM,Rajasthan,2,2,3,0,4
187,2020-03-17,6:00 PM,Tamil Nadu,1,0,0,0,1
188,2020-03-17,6:00 PM,Telengana,3,2,1,0,5
189,2020-03-17,6:00 PM,Jammu and Kashmir,3,0,0,0,3
190,2020-03-17,6:00 PM,Ladakh,6,0,0,0,6
191,2020-03-17,6:00 PM,Uttar Pradesh,14,1,5,0,15
192,2020-03-17,6:00 PM,Uttarakhand,1,0,0,0,1
193,2020-03-18,6:00 PM,Andhra Pradesh,1,0,0,0,1
194,2020-03-18,6:00 PM,Delhi,9,1,2,1,10
195,2020-03-18,6:00 PM,Haryana,3,14,0,0,17
196,2020-03-18,6:00 PM,Karnataka,11,0,0,1,11
197,2020-03-18,6:00 PM,Kerala,25,2,3,0,27
198,2020-03-18,6:00 PM,Maharashtra,39,3,0,1,42
199,2020-03-18,6:00 PM,Odisha,1,0,0,0,1
200,2020-03-18,6:00 PM,Puducherry,1,0,0,0,1
201,2020-03-18,6:00 PM,Punjab,1,0,0,0,1
202,2020-03-18,6:00 PM,Rajasthan,2,2,3,0,4
203,2020-03-18,6:00 PM,Tamil Nadu,1,0,0,0,1
204,2020-03-18,6:00 PM,Telengana,4,2,1,0,6
205,2020-03-18,6:00 PM,Jammu and Kashmir,3,0,0,0,3
206,2020-03-18,6:00 PM,Ladakh,8,0,0,0,8
207,2020-03-18,6:00 PM,Uttar Pradesh,15,1,5,0,16
208,2020-03-18,6:00 PM,Uttarakhand,1,0,0,0,1
209,2020-03-18,6:00 PM,West Bengal,1,0,0,0,1
210,2020-03-19,6:00 PM,Andhra Pradesh,2,0,0,0,2
211,2020-03-19,6:00 PM,Chhattisgarh,1,0,0,0,1
212,2020-03-19,6:00 PM,Delhi,11,1,3,1,12
213,2020-03-19,6:00 PM,Haryana,3,14,0,0,17
214,2020-03-19,6:00 PM,Karnataka,14,0,0,1,14
215,2020-03-19,6:00 PM,Kerala,25,2,3,0,27
216,2020-03-19,6:00 PM,Maharashtra,44,3,0,1,47
217,2020-03-19,6:00 PM,Odisha,1,0,0,0,1
218,2020-03-19,6:00 PM,Puducherry,1,0,0,0,1
219,2020-03-19,6:00 PM,Punjab,2,0,0,1,2
220,2020-03-19,6:00 PM,Rajasthan,5,2,3,0,7
221,2020-03-19,6:00 PM,Tamil Nadu,2,0,1,0,2
222,2020-03-19,6:00 PM,Telengana,4,2,1,0,6
223,2020-03-19,6:00 PM,Chandigarh,1,0,0,0,1
224,2020-03-19,6:00 PM,Jammu and Kashmir,4,0,0,0,4
225,2020-03-19,6:00 PM,Ladakh,8,0,0,0,8
226,2020-03-19,6:00 PM,Uttar Pradesh,18,1,9,0,19
227,2020-03-19,6:00 PM,Uttarakhand,1,0,0,0,1
228,2020-03-19,6:00 PM,West Bengal,1,0,0,0,1
229,2020-03-20,6:00 PM,Andhra Pradesh,3,0,0,0,3
230,2020-03-20,6:00 PM,Chhattisgarh,1,0,0,0,1
231,2020-03-20,6:00 PM,Delhi,16,1,5,1,17
232,2020-03-20,6:00 PM,Gujarat,5,0,0,0,5
233,2020-03-20,6:00 PM,Haryana,3,14,0,0,17
234,2020-03-20,6:00 PM,Karnataka,15,0,1,1,15
235,2020-03-20,6:00 PM,Kerala,26,2,3,0,28
236,2020-03-20,6:00 PM,Maharashtra,49,3,0,1,52
237,2020-03-20,6:00 PM,Odisha,2,0,0,0,2
238,2020-03-20,6:00 PM,Puducherry,1,0,0,0,1
239,2020-03-20,6:00 PM,Punjab,2,0,0,1,2
240,2020-03-20,6:00 PM,Rajasthan,15,2,3,0,17
241,2020-03-20,6:00 PM,Tamil Nadu,3,0,1,0,3
242,2020-03-20,6:00 PM,Telengana,8,9,1,0,17
243,2020-03-20,6:00 PM,Chandigarh,1,0,0,0,1
244,2020-03-20,6:00 PM,Jammu and Kashmir,4,0,0,0,4
245,2020-03-20,6:00 PM,Ladakh,10,0,0,0,10
246,2020-03-20,6:00 PM,Uttar Pradesh,22,1,9,0,23
247,2020-03-20,6:00 PM,Uttarakhand,3,0,0,0,3
248,2020-03-20,6:00 PM,West Bengal,2,0,0,0,2
249,2020-03-21,6:00 PM,Andhra Pradesh,3,0,0,0,3
250,2020-03-21,6:00 PM,Chhattisgarh,1,0,0,0,1
251,2020-03-21,6:00 PM,Delhi,25,1,5,1,26
252,2020-03-21,6:00 PM,Gujarat,7,0,0,0,7
253,2020-03-21,6:00 PM,Haryana,3,14,0,0,17
254,2020-03-21,6:00 PM,Himachal Pradesh,2,0,0,0,2
255,2020-03-21,6:00 PM,Karnataka,15,0,1,1,15
256,2020-03-21,6:00 PM,Kerala,33,7,3,0,40
257,2020-03-21,6:00 PM,Madhya Pradesh,4,0,0,0,4
258,2020-03-21,6:00 PM,Maharashtra,60,3,0,1,63
259,2020-03-21,6:00 PM,Odisha,2,0,0,0,2
260,2020-03-21,6:00 PM,Puducherry,1,0,0,0,1
261,2020-03-21,6:00 PM,Punjab,13,0,0,1,13
262,2020-03-21,6:00 PM,Rajasthan,15,2,3,0,17
263,2020-03-21,6:00 PM,Tamil Nadu,3,0,1,0,3
264,2020-03-21,6:00 PM,Telengana,10,11,1,0,21
265,2020-03-21,6:00 PM,Chandigarh,1,0,0,0,1
266,2020-03-21,6:00 PM,Jammu and Kashmir,4,0,0,0,4
267,2020-03-21,6:00 PM,Ladakh,13,0,0,0,13
268,2020-03-21,6:00 PM,Uttar Pradesh,23,1,9,0,24
269,2020-03-21,6:00 PM,Uttarakhand,3,0,0,0,3
270,2020-03-21,6:00 PM,West Bengal,3,0,0,0,3
271,2020-03-22,6:00 PM,Andhra Pradesh,5,0,0,0,5
272,2020-03-22,6:00 PM,Bihar,2,0,0,1,2
273,2020-03-22,6:00 PM,Chhattisgarh,1,0,0,0,1
274,2020-03-22,6:00 PM,Delhi,28,1,5,1,29
275,2020-03-22,6:00 PM,Gujarat,18,0,0,1,18
276,2020-03-22,6:00 PM,Haryana,7,14,0,0,21
277,2020-03-22,6:00 PM,Himachal Pradesh,2,0,0,0,2
278,2020-03-22,6:00 PM,Karnataka,26,0,2,1,26
279,2020-03-22,6:00 PM,Kerala,45,7,3,0,52
280,2020-03-22,6:00 PM,Madhya Pradesh,4,0,0,0,4
281,2020-03-22,6:00 PM,Maharashtra,64,3,0,2,67
282,2020-03-22,6:00 PM,Odisha,2,0,0,0,2
283,2020-03-22,6:00 PM,Puducherry,1,0,0,0,1
284,2020-03-22,6:00 PM,Punjab,21,0,0,1,21
285,2020-03-22,6:00 PM,Rajasthan,22,2,3,0,24
286,2020-03-22,6:00 PM,Tamil Nadu,5,2,1,0,7
287,2020-03-22,6:00 PM,Telengana,11,11,1,0,22
288,2020-03-22,6:00 PM,Chandigarh,5,0,0,0,5
289,2020-03-22,6:00 PM,Jammu and Kashmir,4,0,0,0,4
290,2020-03-22,6:00 PM,Ladakh,13,0,0,0,13
291,2020-03-22,6:00 PM,Uttar Pradesh,26,1,9,0,27
292,2020-03-22,6:00 PM,Uttarakhand,3,0,0,0,3
293,2020-03-22,6:00 PM,West Bengal,4,0,0,0,4
294,2020-03-23,6:00 PM,Andhra Pradesh,7,0,0,0,7
295,2020-03-23,6:00 PM,Bihar,2,0,0,1,2
296,2020-03-23,6:00 PM,Chhattisgarh,1,0,0,0,1
297,2020-03-23,6:00 PM,Delhi,28,1,5,1,29
298,2020-03-23,6:00 PM,Gujarat,29,0,0,1,29
299,2020-03-23,6:00 PM,Haryana,12,14,0,0,26
300,2020-03-23,6:00 PM,Himachal Pradesh,2,0,0,0,2
301,2020-03-23,6:00 PM,Karnataka,33,0,2,1,33
302,2020-03-23,6:00 PM,Kerala,60,7,3,0,67
303,2020-03-23,6:00 PM,Madhya Pradesh,6,0,0,0,6
304,2020-03-23,6:00 PM,Maharashtra,71,3,0,2,74
305,2020-03-23,6:00 PM,Odisha,2,0,0,0,2
306,2020-03-23,6:00 PM,Puducherry,1,0,0,0,1
307,2020-03-23,6:00 PM,Punjab,21,0,0,1,21
308,2020-03-23,6:00 PM,Rajasthan,26,2,3,0,28
309,2020-03-23,6:00 PM,Tamil Nadu,7,2,1,0,9
310,2020-03-23,6:00 PM,Telengana,22,10,1,0,32
311,2020-03-23,6:00 PM,Chandigarh,6,0,0,0,6
312,2020-03-23,6:00 PM,Jammu and Kashmir,4,0,0,0,4
313,2020-03-23,6:00 PM,Ladakh,13,0,0,0,13
314,2020-03-23,6:00 PM,Uttar Pradesh,30,1,9,0,31
315,2020-03-23,6:00 PM,Uttarakhand,3,0,0,0,3
316,2020-03-23,6:00 PM,West Bengal,7,0,0,0,7
317,2020-03-24,6:00 PM,Andhra Pradesh,8,0,0,0,8
318,2020-03-24,6:00 PM,Bihar,3,0,0,1,3
319,2020-03-24,6:00 PM,Chhattisgarh,1,0,0,0,1
320,2020-03-24,6:00 PM,Delhi,29,1,6,1,30
321,2020-03-24,6:00 PM,Gujarat,32,1,0,1,33
322,2020-03-24,6:00 PM,Haryana,14,14,11,0,28
323,2020-03-24,6:00 PM,Himachal Pradesh,3,0,0,1,3
324,2020-03-24,6:00 PM,Karnataka,37,0,3,1,37
325,2020-03-24,6:00 PM,Kerala,87,8,4,0,95
326,2020-03-24,6:00 PM,Madhya Pradesh,7,0,0,0,7
327,2020-03-24,6:00 PM,Maharashtra,86,3,0,2,89
328,2020-03-24,6:00 PM,Manipur,1,0,0,0,1
329,2020-03-24,6:00 PM,Odisha,2,0,0,0,2
330,2020-03-24,6:00 PM,Puducherry,1,0,0,0,1
331,2020-03-24,6:00 PM,Punjab,29,0,0,1,29
332,2020-03-24,6:00 PM,Rajasthan,30,2,3,0,32
333,2020-03-24,6:00 PM,Tamil Nadu,13,2,1,0,15
334,2020-03-24,6:00 PM,Telengana,25,10,1,0,35
335,2020-03-24,6:00 PM,Chandigarh,7,0,0,0,7
336,2020-03-24,6:00 PM,Jammu and Kashmir,4,0,0,0,4
337,2020-03-24,6:00 PM,Ladakh,13,0,0,0,13
338,2020-03-24,6:00 PM,Uttar Pradesh,32,1,11,0,33
339,2020-03-24,6:00 PM,Uttarakhand,3,1,0,0,4
340,2020-03-24,6:00 PM,West Bengal,9,0,0,1,9
341,2020-03-25,6:00 PM,Andhra Pradesh,9,0,1,0,9
342,2020-03-25,6:00 PM,Bihar,4,0,0,1,4
343,2020-03-25,6:00 PM,Chhattisgarh,1,0,0,0,1
344,2020-03-25,6:00 PM,Delhi,30,1,6,1,31
345,2020-03-25,6:00 PM,Gujarat,37,1,0,1,38
346,2020-03-25,6:00 PM,Haryana,14,14,11,0,28
347,2020-03-25,6:00 PM,Himachal Pradesh,3,0,0,1,3
348,2020-03-25,6:00 PM,Karnataka,41,0,3,1,41
349,2020-03-25,6:00 PM,Kerala,101,8,4,0,109
350,2020-03-25,6:00 PM,Madhya Pradesh,14,0,0,0,14
351,2020-03-25,6:00 PM,Maharashtra,125,3,1,3,128
352,2020-03-25,6:00 PM,Manipur,1,0,0,0,1
353,2020-03-25,6:00 PM,Mizoram,1,0,0,0,1
354,2020-03-25,6:00 PM,Odisha,2,0,0,0,2
355,2020-03-25,6:00 PM,Puducherry,1,0,0,0,1
356,2020-03-25,6:00 PM,Punjab,29,0,0,1,29
357,2020-03-25,6:00 PM,Rajasthan,34,2,3,0,36
358,2020-03-25,6:00 PM,Tamil Nadu,16,2,1,0,18
359,2020-03-25,6:00 PM,Telengana,25,10,1,0,35
360,2020-03-25,6:00 PM,Chandigarh,7,0,0,0,7
361,2020-03-25,6:00 PM,Jammu and Kashmir,7,0,1,0,7
362,2020-03-25,6:00 PM,Ladakh,13,0,0,0,13
363,2020-03-25,6:00 PM,Uttar Pradesh,36,1,11,0,37
364,2020-03-25,6:00 PM,Uttarakhand,3,1,0,0,4
365,2020-03-25,6:00 PM,West Bengal,9,0,0,1,9
366,2020-03-26,6:00 PM,Andaman and Nicobar Islands,1,0,0,0,1
367,2020-03-26,6:00 PM,Andhra Pradesh,11,0,1,0,11
368,2020-03-26,6:00 PM,Bihar,6,0,0,1,6
369,2020-03-26,6:00 PM,Chandigarh,7,0,0,0,7
370,2020-03-26,6:00 PM,Chhattisgarh,6,0,0,0,6
371,2020-03-26,6:00 PM,Delhi,35,1,6,1,36
372,2020-03-26,6:00 PM,Goa,3,0,0,0,3
373,2020-03-26,6:00 PM,Gujarat,42,1,0,3,43
374,2020-03-26,6:00 PM,Haryana,16,14,11,0,30
375,2020-03-26,6:00 PM,Himachal Pradesh,3,0,0,1,3
376,2020-03-26,6:00 PM,Jammu and Kashmir,13,0,1,0,13
377,2020-03-26,6:00 PM,Karnataka,55,0,3,2,55
378,2020-03-26,6:00 PM,Kerala,110,8,6,0,118
379,2020-03-26,6:00 PM,Ladakh,13,0,0,0,13
380,2020-03-26,6:00 PM,Madhya Pradesh,20,0,0,1,20
381,2020-03-26,6:00 PM,Maharashtra,121,3,1,3,124
382,2020-03-26,6:00 PM,Manipur,1,0,0,0,1
383,2020-03-26,6:00 PM,Mizoram,1,0,0,0,1
384,2020-03-26,6:00 PM,Odisha,2,0,0,0,2
385,2020-03-26,6:00 PM,Puducherry,1,0,0,0,1
386,2020-03-26,6:00 PM,Punjab,33,0,0,1,33
387,2020-03-26,6:00 PM,Rajasthan,39,2,3,0,41
388,2020-03-26,6:00 PM,Tamil Nadu,20,6,1,1,26
389,2020-03-26,6:00 PM,Telengana,34,10,1,0,44
390,2020-03-26,6:00 PM,Uttarakhand,4,1,0,0,5
391,2020-03-26,6:00 PM,Uttar Pradesh,40,1,11,0,41
392,2020-03-26,6:00 PM,West Bengal,10,0,0,1,10
393,2020-03-27,10:00 AM,Andaman and Nicobar Islands,1,0,0,0,1
394,2020-03-27,10:00 AM,Andhra Pradesh,12,0,1,0,12
395,2020-03-27,10:00 AM,Bihar,6,0,0,1,6
396,2020-03-27,10:00 AM,Chandigarh,7,0,0,0,7
397,2020-03-27,10:00 AM,Chhattisgarh,6,0,0,0,6
398,2020-03-27,10:00 AM,Delhi,35,1,6,1,36
399,2020-03-27,10:00 AM,Goa,3,0,0,0,3
400,2020-03-27,10:00 AM,Gujarat,42,1,0,3,43
401,2020-03-27,10:00 AM,Haryana,16,14,11,0,30
402,2020-03-27,10:00 AM,Himachal Pradesh,3,0,0,1,3
403,2020-03-27,10:00 AM,Jammu and Kashmir,13,0,1,1,13
404,2020-03-27,10:00 AM,Karnataka,55,0,3,2,55
405,2020-03-27,10:00 AM,Kerala,129,8,11,0,137
406,2020-03-27,10:00 AM,Ladakh,13,0,3,0,13
407,2020-03-27,10:00 AM,Madhya Pradesh,20,0,0,1,20
408,2020-03-27,10:00 AM,Maharashtra,127,3,15,4,130
409,2020-03-27,10:00 AM,Manipur,1,0,0,0,1
410,2020-03-27,10:00 AM,Mizoram,1,0,0,0,1
411,2020-03-27,10:00 AM,Odisha,2,0,0,0,2
412,2020-03-27,10:00 AM,Puducherry,1,0,0,0,1
413,2020-03-27,10:00 AM,Punjab,33,0,0,1,33
414,2020-03-27,10:00 AM,Rajasthan,39,2,3,0,41
415,2020-03-27,10:00 AM,Tamil Nadu,23,6,1,1,29
416,2020-03-27,10:00 AM,Telengana,35,10,1,0,45
417,2020-03-27,10:00 AM,Uttarakhand,4,1,0,0,5
418,2020-03-27,10:00 AM,Uttar Pradesh,40,1,11,0,41
419,2020-03-27,10:00 AM,West Bengal,10,0,0,1,10
420,2020-03-28,6:00 PM,Andhra Pradesh,14,0,1,0,14
421,2020-03-28,6:00 PM,Andaman and Nicobar Islands,6,0,0,0,6
422,2020-03-28,6:00 PM,Bihar,9,0,0,1,9
423,2020-03-28,6:00 PM,Chandigarh,8,0,0,0,8
424,2020-03-28,6:00 PM,Chhattisgarh,6,0,0,0,6
425,2020-03-28,6:00 PM,Delhi,38,1,6,1,39
426,2020-03-28,6:00 PM,Goa,3,0,0,0,3
427,2020-03-28,6:00 PM,Gujarat,44,1,0,3,45
428,2020-03-28,6:00 PM,Haryana,19,14,12,0,33
429,2020-03-28,6:00 PM,Himachal Pradesh,3,0,0,1,3
430,2020-03-28,6:00 PM,Jammu and Kashmir,20,0,1,1,20
431,2020-03-28,6:00 PM,Karnataka,55,0,3,2,55
432,2020-03-28,6:00 PM,Kerala,168,8,11,0,176
433,2020-03-28,6:00 PM,Ladakh,13,0,3,0,13
434,2020-03-28,6:00 PM,Madhya Pradesh,30,0,0,2,30
435,2020-03-28,6:00 PM,Maharashtra,177,3,25,5,180
436,2020-03-28,6:00 PM,Manipur,1,0,0,0,1
437,2020-03-28,6:00 PM,Mizoram,1,0,0,0,1
438,2020-03-28,6:00 PM,Odisha,3,0,0,0,3
439,2020-03-28,6:00 PM,Puducherry,1,0,0,0,1
440,2020-03-28,6:00 PM,Punjab,38,0,1,1,38
441,2020-03-28,6:00 PM,Rajasthan,52,2,3,0,54
442,2020-03-28,6:00 PM,Tamil Nadu,34,6,2,1,40
443,2020-03-28,6:00 PM,Telengana,46,10,1,0,56
444,2020-03-28,6:00 PM,Uttarakhand,4,1,0,0,5
445,2020-03-28,6:00 PM,Uttar Pradesh,54,1,11,0,55
446,2020-03-28,6:00 PM,West Bengal,15,0,0,1,15
447,2020-03-29,7:30 PM,Andhra Pradesh,-,-,1,0,19
448,2020-03-29,7:30 PM,Andaman and Nicobar Islands,-,-,0,0,9
449,2020-03-29,7:30 PM,Bihar,-,-,0,1,11
450,2020-03-29,7:30 PM,Chandigarh,-,-,0,0,8
451,2020-03-29,7:30 PM,Chhattisgarh,-,-,0,0,7
452,2020-03-29,7:30 PM,Delhi,-,-,6,2,49
453,2020-03-29,7:30 PM,Goa,-,-,0,0,5
454,2020-03-29,7:30 PM,Gujarat,-,-,1,5,58
455,2020-03-29,7:30 PM,Haryana,-,-,17,0,33
456,2020-03-29,7:30 PM,Himachal Pradesh,-,-,0,1,3
457,2020-03-29,7:30 PM,Jammu and Kashmir,-,-,1,2,31
458,2020-03-29,7:30 PM,Karnataka,-,-,5,3,76
459,2020-03-29,7:30 PM,Kerala,-,-,15,1,182
460,2020-03-29,7:30 PM,Ladakh,-,-,3,0,13
461,2020-03-29,7:30 PM,Madhya Pradesh,-,-,0,2,30
462,2020-03-29,7:30 PM,Maharashtra,-,-,25,6,186
463,2020-03-29,7:30 PM,Manipur,-,-,0,0,1
464,2020-03-29,7:30 PM,Mizoram,-,-,0,0,1
465,2020-03-29,7:30 PM,Odisha,-,-,0,0,3
466,2020-03-29,7:30 PM,Puducherry,-,-,0,0,1
467,2020-03-29,7:30 PM,Punjab,-,-,1,1,38
468,2020-03-29,7:30 PM,Rajasthan,-,-,3,0,55
469,2020-03-29,7:30 PM,Tamil Nadu,-,-,4,1,49
470,2020-03-29,7:30 PM,Telengana,-,-,1,1,66
471,2020-03-29,7:30 PM,Uttarakhand,-,-,2,0,7
472,2020-03-29,7:30 PM,Uttar Pradesh,-,-,11,0,65
473,2020-03-29,7:30 PM,West Bengal,-,-,0,1,18
474,2020-03-30,9:30 PM,Andhra Pradesh,-,-,1,0,23
475,2020-03-30,9:30 PM,Andaman and Nicobar Islands,-,-,0,0,9
476,2020-03-30,9:30 PM,Bihar,-,-,0,1,15
477,2020-03-30,9:30 PM,Chandigarh,-,-,0,0,8
478,2020-03-30,9:30 PM,Chhattisgarh,-,-,0,0,7
479,2020-03-30,9:30 PM,Delhi,-,-,6,2,87
480,2020-03-30,9:30 PM,Goa,-,-,0,0,5
481,2020-03-30,9:30 PM,Gujarat,-,-,1,6,69
482,2020-03-30,9:30 PM,Haryana,-,-,18,0,36
483,2020-03-30,9:30 PM,Himachal Pradesh,-,-,0,1,3
484,2020-03-30,9:30 PM,Jammu and Kashmir,-,-,2,2,48
485,2020-03-30,9:30 PM,Karnataka,-,-,5,3,83
486,2020-03-30,9:30 PM,Kerala,-,-,19,1,202
487,2020-03-30,9:30 PM,Ladakh,-,-,3,0,13
488,2020-03-30,9:30 PM,Madhya Pradesh,-,-,0,3,47
489,2020-03-30,9:30 PM,Maharashtra,-,-,25,8,198
490,2020-03-30,9:30 PM,Manipur,-,-,0,0,1
491,2020-03-30,9:30 PM,Mizoram,-,-,0,0,1
492,2020-03-30,9:30 PM,Odisha,-,-,0,0,3
493,2020-03-30,9:30 PM,Puducherry,-,-,0,0,1
494,2020-03-30,9:30 PM,Punjab,-,-,1,1,38
495,2020-03-30,9:30 PM,Rajasthan,-,-,3,0,59
496,2020-03-30,9:30 PM,Tamil Nadu,-,-,4,1,67
497,2020-03-30,9:30 PM,Telengana,-,-,1,1,71
498,2020-03-30,9:30 PM,Uttarakhand,-,-,2,0,7
499,2020-03-30,9:30 PM,Uttar Pradesh,-,-,11,0,82
500,2020-03-30,9:30 PM,West Bengal,-,-,0,1,22
501,2020-03-30,9:30 PM,Unassigned,-,-,0,0,46
502,2020-03-31,8:30 PM,Andhra Pradesh,-,-,1,0,40
503,2020-03-31,8:30 PM,Andaman and Nicobar Islands,-,-,0,0,10
504,2020-03-31,8:30 PM,Bihar,-,-,0,1,15
505,2020-03-31,8:30 PM,Chandigarh,-,-,0,0,13
506,2020-03-31,8:30 PM,Chhattisgarh,-,-,0,0,8
507,2020-03-31,8:30 PM,Delhi,-,-,6,2,97
508,2020-03-31,8:30 PM,Goa,-,-,0,0,5
509,2020-03-31,8:30 PM,Gujarat,-,-,3,6,73
510,2020-03-31,8:30 PM,Haryana,-,-,21,0,40
511,2020-03-31,8:30 PM,Himachal Pradesh,-,-,0,1,3
512,2020-03-31,8:30 PM,Jammu and Kashmir,-,-,2,2,54
513,2020-03-31,8:30 PM,Karnataka,-,-,5,3,83
514,2020-03-31,8:30 PM,Kerala,-,-,19,1,234
515,2020-03-31,8:30 PM,Ladakh,-,-,3,0,13
516,2020-03-31,8:30 PM,Madhya Pradesh,-,-,0,3,47
517,2020-03-31,8:30 PM,Maharashtra,-,-,39,9,216
518,2020-03-31,8:30 PM,Manipur,-,-,0,0,1
519,2020-03-31,8:30 PM,Mizoram,-,-,0,0,1
520,2020-03-31,8:30 PM,Odisha,-,-,0,0,3
521,2020-03-31,8:30 PM,Puducherry,-,-,0,0,1
522,2020-03-31,8:30 PM,Punjab,-,-,1,3,41
523,2020-03-31,8:30 PM,Rajasthan,-,-,3,0,74
524,2020-03-31,8:30 PM,Tamil Nadu,-,-,4,1,74
525,2020-03-31,8:30 PM,Telengana,-,-,1,1,79
526,2020-03-31,8:30 PM,Uttarakhand,-,-,2,0,7
527,2020-03-31,8:30 PM,Uttar Pradesh,-,-,14,0,101
528,2020-03-31,8:30 PM,West Bengal,-,-,0,2,26
529,2020-03-31,8:30 PM,Unassigned,-,-,0,0,38
530,2020-04-01,7:30 PM,Andhra Pradesh,-,-,1,0,83
531,2020-04-01,7:30 PM,Andaman and Nicobar Islands,-,-,0,0,10
532,2020-04-01,7:30 PM,Assam,-,-,0,0,1
533,2020-04-01,7:30 PM,Bihar,-,-,0,1,23
534,2020-04-01,7:30 PM,Chandigarh,-,-,0,0,16
535,2020-04-01,7:30 PM,Chhattisgarh,-,-,2,0,9
536,2020-04-01,7:30 PM,Delhi,-,-,6,2,152
537,2020-04-01,7:30 PM,Goa,-,-,0,0,5
538,2020-04-01,7:30 PM,Gujarat,-,-,5,6,82
539,2020-04-01,7:30 PM,Haryana,-,-,21,0,43
540,2020-04-01,7:30 PM,Himachal Pradesh,-,-,0,1,3
541,2020-04-01,7:30 PM,Jammu and Kashmir,-,-,2,2,62
542,2020-04-01,7:30 PM,Jharkhand,-,-,0,0,1
543,2020-04-01,7:30 PM,Karnataka,-,-,8,3,101
544,2020-04-01,7:30 PM,Kerala,-,-,23,2,241
545,2020-04-01,7:30 PM,Ladakh,-,-,3,0,13
546,2020-04-01,7:30 PM,Madhya Pradesh,-,-,0,3,66
547,2020-04-01,7:30 PM,Maharashtra,-,-,39,9,302
548,2020-04-01,7:30 PM,Manipur,-,-,0,0,1
549,2020-04-01,7:30 PM,Mizoram,-,-,0,0,1
550,2020-04-01,7:30 PM,Odisha,-,-,0,0,4
551,2020-04-01,7:30 PM,Puducherry,-,-,1,0,3
552,2020-04-01,7:30 PM,Punjab,-,-,1,3,42
553,2020-04-01,7:30 PM,Rajasthan,-,-,3,0,93
554,2020-04-01,7:30 PM,Tamil Nadu,-,-,6,1,234
555,2020-04-01,7:30 PM,Telengana,-,-,1,3,96
556,2020-04-01,7:30 PM,Uttarakhand,-,-,2,0,7
557,2020-04-01,7:30 PM,Uttar Pradesh,-,-,14,2,103
558,2020-04-01,7:30 PM,West Bengal,-,-,6,3,37
559,2020-04-02,6:00 PM,Andhra Pradesh,-,-,1,1,86
560,2020-04-02,6:00 PM,Andaman and Nicobar Islands,-,-,0,0,10
561,2020-04-02,6:00 PM,Assam,-,-,0,0,5
562,2020-04-02,6:00 PM,Bihar,-,-,0,1,24
563,2020-04-02,6:00 PM,Chandigarh,-,-,0,0,16
564,2020-04-02,6:00 PM,Chhattisgarh,-,-,2,0,9
565,2020-04-02,6:00 PM,Delhi,-,-,8,4,219
566,2020-04-02,6:00 PM,Goa,-,-,0,0,5
567,2020-04-02,6:00 PM,Gujarat,-,-,8,7,87
568,2020-04-02,6:00 PM,Haryana,-,-,21,0,43
569,2020-04-02,6:00 PM,Himachal Pradesh,-,-,1,1,3
570,2020-04-02,6:00 PM,Jammu and Kashmir,-,-,2,2,62
571,2020-04-02,6:00 PM,Jharkhand,-,-,0,0,1
572,2020-04-02,6:00 PM,Karnataka,-,-,9,3,110
573,2020-04-02,6:00 PM,Kerala,-,-,25,2,265
574,2020-04-02,6:00 PM,Ladakh,-,-,3,0,13
575,2020-04-02,6:00 PM,Madhya Pradesh,-,-,0,6,99
576,2020-04-02,6:00 PM,Maharashtra,-,-,42,13,335
577,2020-04-02,6:00 PM,Manipur,-,-,0,0,1
578,2020-04-02,6:00 PM,Mizoram,-,-,0,0,1
579,2020-04-02,6:00 PM,Odisha,-,-,0,0,4
580,2020-04-02,6:00 PM,Puducherry,-,-,1,0,3
581,2020-04-02,6:00 PM,Punjab,-,-,1,4,46
582,2020-04-02,6:00 PM,Rajasthan,-,-,3,0,108
583,2020-04-02,6:00 PM,Tamil Nadu,-,-,6,1,234
584,2020-04-02,6:00 PM,Telengana,-,-,1,3,107
585,2020-04-02,6:00 PM,Uttarakhand,-,-,2,0,7
586,2020-04-02,6:00 PM,Uttar Pradesh,-,-,14,2,113
587,2020-04-02,6:00 PM,West Bengal,-,-,6,3,53
588,2020-04-03,6:00 PM,Andhra Pradesh,-,-,1,1,132
589,2020-04-03,6:00 PM,Andaman and Nicobar Islands,-,-,0,0,10
590,2020-04-03,6:00 PM,Arunachal Pradesh,-,-,0,0,1
591,2020-04-03,6:00 PM,Assam,-,-,0,0,16
592,2020-04-03,6:00 PM,Bihar,-,-,0,1,29
593,2020-04-03,6:00 PM,Chandigarh,-,-,0,0,18
594,2020-04-03,6:00 PM,Chhattisgarh,-,-,3,0,9
595,2020-04-03,6:00 PM,Delhi,-,-,8,4,219
596,2020-04-03,6:00 PM,Goa,-,-,0,0,6
597,2020-04-03,6:00 PM,Gujarat,-,-,10,8,95
598,2020-04-03,6:00 PM,Haryana,-,-,24,0,49
599,2020-04-03,6:00 PM,Himachal Pradesh,-,-,1,1,6
600,2020-04-03,6:00 PM,Jammu and Kashmir,-,-,3,2,75